"","x"
"1","SL18-OI-4"
"2","SL18-OI-5"
"3","SL18-OI-6"
"4","SL18-OI-11"
"5","SL18-OI-15"
"6","SL18-OI-16"
"7","SL18-OI-17"
"8","SL18-OI-18"
"9","SL18-LD-1"
"10","SL18-LD-3"
"11","SL18-LD-4"
"12","SL18-LD-5"
"13","SL18-LD-9"
"14","SL18-LD-10"
"15","SL18-LD-14"
"16","SL18-LD-13"
"17","SL18-LL-7"
"18","SL18-DI-17"
"19","SL18-DI-16"
"20","SL18-DI-13"
"21","SL18-DI-15"
"22","SL18-DI-11"
"23","SL18-DI-5"
"24","SL18-DI-3"
"25","SL18-DI-12"
"26","SL18-DI-7"
"27","SL18-FW-1"
"28","SL18-FW-2"
"29","SL18-FW-3"
"30","SL18-FW-4"
"31","SL18-FW-5"
"32","SL18-FW-6"
"33","SL18-FW-7"
"34","SL18-FW-8"
"35","SL18-FW-9"
"36","SL18-FW-10"
"37","SL18-FI-1"
"38","SL18-FI-2"
"39","SL18-PI-2"
"40","SL18-CC-1"
"41","SL18-CC-2"
"42","SL18-CC-3"
"43","SL18-CC-4"
"44","SL18-CC-5"
"45","SL18-CC-6"
"46","SL18-CC-7"
"47","SL18-CC-8"
"48","SL18-CC-9"
"49","SL18-CC-10"
"50","SL18-CC-11"
"51","SL18-CC-12"
"52","SL18-FW-11"
"53","SL18-FW-14"
"54","SL18-NC-2"
"55","SL18-NC-1"
"56","SL18-NC-5"
"57","SL18-NC-6"
"58","SL18-NC-3"
"59","SL18-JS-6"
"60","SL18-JS-5"
"61","SL18-JS-9"
"62","SL18-NC-8"
"63","SL18-NC-10"
"64","SL18-NC-9"
"65","SL18-NC-12"
"66","SL18-NL-2"
"67","SL18-NL-1"
"68","SL18-NL-3"
"69","SL18-NL-4"
"70","SL18-NL-5"
"71","SL18-NL-8"
"72","SL18-NL-7"
"73","SL18-NL-6"
"74","SL18-NL-9"
"75","SL18-NL-10"
"76","SL18-JS-19"
"77","SL18-JS-20"
"78","SL18-JS-16"
"79","SL18-JS-17"
"80","SL18-JS-18"
"81","SL18-NC-14"
"82","SL18-NL-12"
"83","SL18-NL-11"
"84","SL18-JS-14"
"85","SL18-JS-12"
"86","SL18-JS-11"
"87","SL18-IS-3"
"88","SL18-IS-2"
"89","SL18-IS-1"
"90","SL18-IS-7"
"91","SL18-IS-6"
"92","SL18-IS-4"
"93","SL18-IS-13"
"94","SL18-IS-12"
"95","SL18-IS-8"
"96","SL18-IS-16"
"97","SA18-GS-1"
"98","SA18-GS-2"
"99","SA18-GS-3"
"100","SA18-GS-4"
"101","SA18-GS-5"
"102","SA18-GS-6"
"103","SA18-GS-7"
"104","SA18-GS-8"
"105","SA18-GS-9"
"106","SA18-GS-10"
"107","SA18-GS-11"
"108","SA18-GS-12"
"109","SL18-MD-1"
"110","SL18-MD-2"
"111","SL18-MD-3"
"112","SL18-MD-4"
"113","SL18-MD-5"
"114","SL18-BL-5"
"115","SL18-BL-6"
"116","SL18-BL-7"
"117","SL18-BL-8"
"118","SL18-BL-9"
"119","SL18-BL-10"
"120","SL18-BL-11"
"121","SL18-BL-12"
"122","SL18-BL-13"
"123","SL18-BL-14"
"124","SL18-BL-15"
"125","SL18-BL-16"
